{
    "1686138504.9115336": {
        "left": 0,
        "right": 1
    },
    "1686138513.5764642": {
        "left": 0,
        "right": 1
    },
    "1686139166.959764": {
        "left": 0,
        "right": 1
    },
    "1686139278.067815": {
        "left": 0,
        "right": 1
    },
    "1686139281.5137427": {
        "left": 1,
        "right": 1
    },
    "1686139285.0898216": {
        "left": 1,
        "right": 2
    },
    "1686139289.4578173": {
        "left": 1,
        "right": 3
    },
    "1686139292.9297473": {
        "left": 1,
        "right": 4
    },
    "1686139295.4230452": {
        "left": 1,
        "right": 5
    },
    "1686139298.8718545": {
        "left": 1,
        "right": 6
    },
    "1686139302.335811": {
        "left": 1,
        "right": 7
    },
    "1686139304.8348634": {
        "left": 1,
        "right": 8
    },
    "1686139308.3058116": {
        "left": 1,
        "right": 9
    },
    "1686139311.7738614": {
        "left": 1,
        "right": 10
    },
    "1686139314.2738206": {
        "left": 1,
        "right": 11
    },
    "1686139316.7708254": {
        "left": 1,
        "right": 12
    },
    "1686139319.25985": {
        "left": 1,
        "right": 13
    },
    "1686139321.758847": {
        "left": 1,
        "right": 14
    },
    "1686140689.4714398": {
        "left": 1,
        "right": 0
    },
    "1686141002.5465941": {
        "left": 0,
        "right": 1
    },
    "1686141025.5726116": {
        "left": 0,
        "right": 1
    },
    "1686141052.7626102": {
        "left": 0,
        "right": 1
    },
    "1686141155.3486633": {
        "left": 0,
        "right": 1
    },
    "1686142206.1111422": {
        "left": 1,
        "right": 0
    },
    "1686142209.1161232": {
        "left": 1,
        "right": 0
    },
    "1686142212.119113": {
        "left": 1,
        "right": 0
    },
    "1686142215.1221433": {
        "left": 1,
        "right": 0
    },
    "1686142218.125113": {
        "left": 1,
        "right": 0
    },
    "1686142221.1281238": {
        "left": 1,
        "right": 0
    },
    "1686142249.5761244": {
        "left": 1,
        "right": 0
    },
    "1686142252.5801454": {
        "left": 1,
        "right": 0
    },
    "1686142255.5828826": {
        "left": 1,
        "right": 0
    },
    "1686142258.5862234": {
        "left": 1,
        "right": 0
    },
    "1686142261.5900564": {
        "left": 1,
        "right": 0
    },
    "1686142264.5926874": {
        "left": 1,
        "right": 0
    },
    "1686142267.5954294": {
        "left": 1,
        "right": 0
    },
    "1686142270.59808": {
        "left": 1,
        "right": 0
    },
    "1686142273.6027153": {
        "left": 1,
        "right": 0
    },
    "1686142276.6071436": {
        "left": 1,
        "right": 0
    },
    "1686142279.6111853": {
        "left": 1,
        "right": 0
    },
    "1686142282.6162262": {
        "left": 1,
        "right": 0
    },
    "1686142285.6191134": {
        "left": 1,
        "right": 0
    },
    "1686142288.6221817": {
        "left": 1,
        "right": 0
    },
    "1686142291.6251369": {
        "left": 1,
        "right": 0
    },
    "1686142294.6301353": {
        "left": 1,
        "right": 0
    },
    "1686142297.6321614": {
        "left": 1,
        "right": 0
    },
    "1686142300.6351564": {
        "left": 1,
        "right": 0
    },
    "1686142303.6380985": {
        "left": 1,
        "right": 0
    },
    "1686142306.6411605": {
        "left": 1,
        "right": 0
    },
    "1686142309.6441586": {
        "left": 1,
        "right": 0
    },
    "1686142312.6471832": {
        "left": 1,
        "right": 0
    },
    "1686142315.650272": {
        "left": 1,
        "right": 0
    },
    "1686142318.6540651": {
        "left": 1,
        "right": 0
    },
    "1686142321.6571422": {
        "left": 1,
        "right": 0
    },
    "1686142324.6611886": {
        "left": 1,
        "right": 0
    },
    "1686142327.6701653": {
        "left": 1,
        "right": 0
    },
    "1686142330.6731071": {
        "left": 1,
        "right": 0
    },
    "1686142333.67615": {
        "left": 1,
        "right": 0
    },
    "1686142336.6791117": {
        "left": 1,
        "right": 0
    },
    "1686142339.6832006": {
        "left": 1,
        "right": 0
    },
    "1686142342.6861124": {
        "left": 1,
        "right": 0
    },
    "1686142345.6892054": {
        "left": 1,
        "right": 0
    },
    "1686142348.6922228": {
        "left": 1,
        "right": 0
    },
    "1686142351.6949983": {
        "left": 1,
        "right": 0
    },
    "1686142354.6981225": {
        "left": 1,
        "right": 0
    },
    "1686142357.7016466": {
        "left": 1,
        "right": 0
    },
    "1686142360.7051806": {
        "left": 1,
        "right": 0
    },
    "1686142363.708166": {
        "left": 1,
        "right": 0
    },
    "1686142366.7111132": {
        "left": 1,
        "right": 0
    },
    "1686142369.7150624": {
        "left": 1,
        "right": 0
    },
    "1686142372.7182126": {
        "left": 1,
        "right": 0
    },
    "1686142375.721721": {
        "left": 1,
        "right": 0
    },
    "1686142378.7242105": {
        "left": 1,
        "right": 0
    },
    "1686142381.727182": {
        "left": 1,
        "right": 0
    },
    "1686142384.7317963": {
        "left": 1,
        "right": 0
    },
    "1686142387.736674": {
        "left": 1,
        "right": 0
    },
    "1686142390.891773": {
        "left": 1,
        "right": 0
    },
    "1686142393.8971944": {
        "left": 1,
        "right": 0
    },
    "1686142396.9012215": {
        "left": 1,
        "right": 0
    },
    "1686142636.096319": {
        "left": 0,
        "right": 1
    },
    "1686142639.1020656": {
        "left": 0,
        "right": 1
    },
    "1686142642.1063266": {
        "left": 0,
        "right": 1
    },
    "1686142645.110312": {
        "left": 0,
        "right": 1
    },
    "1686142648.1143086": {
        "left": 0,
        "right": 1
    },
    "1686142651.1193054": {
        "left": 0,
        "right": 1
    },
    "1686142783.697381": {
        "left": 0,
        "right": 1
    },
    "1686142786.7018964": {
        "left": 0,
        "right": 1
    },
    "1686142789.705358": {
        "left": 0,
        "right": 1
    },
    "1686142792.7093482": {
        "left": 0,
        "right": 1
    },
    "1686142795.7143981": {
        "left": 0,
        "right": 1
    },
    "1686142798.718879": {
        "left": 0,
        "right": 1
    },
    "1686142801.7231328": {
        "left": 0,
        "right": 1
    },
    "1686142804.7269485": {
        "left": 0,
        "right": 1
    },
    "1686142807.7303624": {
        "left": 0,
        "right": 1
    },
    "1686142810.734367": {
        "left": 0,
        "right": 1
    },
    "1686142813.7654064": {
        "left": 0,
        "right": 1
    },
    "1686142816.7693958": {
        "left": 0,
        "right": 1
    },
    "1686142819.7724214": {
        "left": 0,
        "right": 1
    },
    "1686142822.7754436": {
        "left": 0,
        "right": 1
    },
    "1686142825.779363": {
        "left": 0,
        "right": 1
    },
    "1686142867.624416": {
        "left": 1,
        "right": 0
    },
    "1686142870.6304228": {
        "left": 1,
        "right": 0
    },
    "1686142873.634411": {
        "left": 1,
        "right": 0
    },
    "1686142876.6403925": {
        "left": 1,
        "right": 0
    },
    "1686142879.6454382": {
        "left": 1,
        "right": 0
    },
    "1686142882.6493979": {
        "left": 1,
        "right": 0
    },
    "1686142885.6554956": {
        "left": 1,
        "right": 0
    },
    "1686142888.6594238": {
        "left": 1,
        "right": 0
    },
    "1686142891.664425": {
        "left": 1,
        "right": 0
    },
    "1686142894.669466": {
        "left": 1,